Track Name,Artists,Album Name,Album ID,Track ID,Popularity,Release Date,Duration (ms),Explicit,External URLs,Danceability,Energy,Key,Loudness,Mode,Speechiness,Acousticness,Instrumentalness,Liveness,Valence,Tempo
Bring Da Ruckus,Wu-Tang Clan,Enter The Wu-Tang (36 Chambers) [Expanded Edition],3tQd5mwBtVyxCoEo4htGAV,1v5cgIyffYtfEx0swttdoE,58,1993-11-09,251267,True,https://open.spotify.com/track/1v5cgIyffYtfEx0swttdoE,0.788,0.584,11,-10.807,1,0.386,0.242,0.0,0.347,0.528,87.508
Shame On a Nigga,Wu-Tang Clan,Enter The Wu-Tang (36 Chambers) [Expanded Edition],3tQd5mwBtVyxCoEo4htGAV,7IwURvEfVcdxUCjLKUu6sv,58,1993-11-09,177227,True,https://open.spotify.com/track/7IwURvEfVcdxUCjLKUu6sv,0.893,0.431,1,-12.18,1,0.36,0.0704,5.8e-06,0.377,0.411,100.188
Clan In Da Front,Wu-Tang Clan,Enter The Wu-Tang (36 Chambers) [Expanded Edition],3tQd5mwBtVyxCoEo4htGAV,4LaiF2h7gsybmURceGYLqh,51,1993-11-09,273240,True,https://open.spotify.com/track/4LaiF2h7gsybmURceGYLqh,0.7,0.566,6,-13.739,1,0.326,0.223,0.000435,0.136,0.593,96.016
Wu-Tang: 7th Chamber,Wu-Tang Clan,Enter The Wu-Tang (36 Chambers) [Expanded Edition],3tQd5mwBtVyxCoEo4htGAV,5wcY4XgawQ2se8VjDLhedQ,51,1993-11-09,365200,True,https://open.spotify.com/track/5wcY4XgawQ2se8VjDLhedQ,0.815,0.458,6,-12.775,1,0.43,0.411,2.41e-06,0.201,0.576,92.088
Can It Be All So Simple / Intermission,Wu-Tang Clan,Enter The Wu-Tang (36 Chambers) [Expanded Edition],3tQd5mwBtVyxCoEo4htGAV,1Mi6uegC4pRxQZw1CB5Fk9,50,1993-11-09,414600,True,https://open.spotify.com/track/1Mi6uegC4pRxQZw1CB5Fk9,0.605,0.227,9,-19.308,0,0.594,0.819,1.94e-06,0.253,0.418,91.166
Da Mystery of Chessboxin',Wu-Tang Clan,Enter The Wu-Tang (36 Chambers) [Expanded Edition],3tQd5mwBtVyxCoEo4htGAV,4xOTVtbCPcfxMs2hSt9D6i,58,1993-11-09,287493,True,https://open.spotify.com/track/4xOTVtbCPcfxMs2hSt9D6i,0.928,0.356,2,-12.148,1,0.416,0.32,0.0,0.258,0.342,105.148
Wu-Tang Clan Ain't Nuthing ta F' Wit,Wu-Tang Clan,Enter The Wu-Tang (36 Chambers) [Expanded Edition],3tQd5mwBtVyxCoEo4htGAV,24vNw0Z0srb4zYXwrakw8E,62,1993-11-09,216040,True,https://open.spotify.com/track/24vNw0Z0srb4zYXwrakw8E,0.823,0.526,1,-12.202,1,0.328,0.237,0.0,0.362,0.614,99.13
C.R.E.A.M. (Cash Rules Everything Around Me),Wu-Tang Clan,Enter The Wu-Tang (36 Chambers) [Expanded Edition],3tQd5mwBtVyxCoEo4htGAV,119c93MHjrDLJTApCVGpvx,72,1993-11-09,252027,True,https://open.spotify.com/track/119c93MHjrDLJTApCVGpvx,0.512,0.514,11,-11.562,0,0.387,0.555,0.00958,0.126,0.565,181.033
Method Man,Wu-Tang Clan,Enter The Wu-Tang (36 Chambers) [Expanded Edition],3tQd5mwBtVyxCoEo4htGAV,5XLC8xoqyua4U7wJiZAWik,58,1993-11-09,350640,True,https://open.spotify.com/track/5XLC8xoqyua4U7wJiZAWik,0.904,0.429,11,-13.782,0,0.27,0.0268,0.000556,0.332,0.648,101.553
Protect Ya Neck,Wu-Tang Clan,Enter The Wu-Tang (36 Chambers) [Expanded Edition],3tQd5mwBtVyxCoEo4htGAV,1Sgj10byiGzPpI2IrXSFEn,64,1993-11-09,291267,True,https://open.spotify.com/track/1Sgj10byiGzPpI2IrXSFEn,0.822,0.509,8,-12.31,0,0.415,0.0353,7.26e-06,0.771,0.823,102.007
Tearz,Wu-Tang Clan,Enter The Wu-Tang (36 Chambers) [Expanded Edition],3tQd5mwBtVyxCoEo4htGAV,7y5zXpTN4J7K0PngQYa655,54,1993-11-09,257760,True,https://open.spotify.com/track/7y5zXpTN4J7K0PngQYa655,0.913,0.357,8,-11.452,0,0.394,0.157,0.000367,0.101,0.452,91.539
Wu-Tang: 7th Chamber - Part II - Conclusion,Wu-Tang Clan,Enter The Wu-Tang (36 Chambers) [Expanded Edition],3tQd5mwBtVyxCoEo4htGAV,4mkdUdHTDfnbcie1vSmbCK,46,1993-11-09,370160,True,https://open.spotify.com/track/4mkdUdHTDfnbcie1vSmbCK,0.867,0.404,6,-11.088,1,0.488,0.459,1.55e-06,0.658,0.549,92.097
Protect Ya Neck - Shao Lin Version,Wu-Tang Clan,Enter The Wu-Tang (36 Chambers) [Expanded Edition],3tQd5mwBtVyxCoEo4htGAV,5UqXzkzU4CyIhaCmWHgS09,43,1993-11-09,278853,True,https://open.spotify.com/track/5UqXzkzU4CyIhaCmWHgS09,0.81,0.575,8,-10.524,0,0.337,0.0175,2.47e-06,0.727,0.77,102.024
Method Man - Home Grown Version,Wu-Tang Clan,Enter The Wu-Tang (36 Chambers) [Expanded Edition],3tQd5mwBtVyxCoEo4htGAV,1c3zgIrrFkhnavRt20lsqu,42,1993-11-09,310467,True,https://open.spotify.com/track/1c3zgIrrFkhnavRt20lsqu,0.899,0.592,6,-8.082,1,0.332,0.138,8.24e-05,0.335,0.736,101.038
C.R.E.A.M. (Cash Rules Everything Around Me) - A Cappella,Wu-Tang Clan,Enter The Wu-Tang (36 Chambers) [Expanded Edition],3tQd5mwBtVyxCoEo4htGAV,61QU5MPwOReHIAfnY4vh54,37,1993-11-09,158427,False,https://open.spotify.com/track/61QU5MPwOReHIAfnY4vh54,0.675,0.659,9,-8.787,0,0.95,0.706,0.0,0.113,0.172,79.457
Wu-Revolution (Featuring Poppa Wu and Uncle Pete) (feat. Poppa Wu & Uncle Pete),"Wu-Tang Clan, Poppa Wu, Uncle Pete",Wu-Tang Forever,4r3TaXjF2b1qwCpxjIpW43,465EW9vZOfX5FShKm93VXe,34,1997-06-03,406427,True,https://open.spotify.com/track/465EW9vZOfX5FShKm93VXe,0.674,0.645,0,-7.501,1,0.252,0.00631,0.000115,0.266,0.475,159.927
"Reunited (feat. GZA, Ol' Dirty Bastard, RZA & Method Man)","Wu-Tang Clan, GZA, Ol' Dirty Bastard, RZA, Method Man",Wu-Tang Forever,4r3TaXjF2b1qwCpxjIpW43,2CxOJwC4jqWfPQdahEX9oH,53,1997-06-03,321733,True,https://open.spotify.com/track/2CxOJwC4jqWfPQdahEX9oH,0.611,0.721,8,-7.607,1,0.443,0.037,0.000116,0.184,0.832,180.072
"For Heavens Sake (feat. Inspectah Deck, Masta Killa & Cappadonna)","Wu-Tang Clan, Inspectah Deck, Masta Killa, Cappadonna",Wu-Tang Forever,4r3TaXjF2b1qwCpxjIpW43,5JF2C8MdEonfb2ryeZ9Bxe,43,1997-06-03,253707,True,https://open.spotify.com/track/5JF2C8MdEonfb2ryeZ9Bxe,0.535,0.856,0,-4.6,1,0.253,0.0895,0.0,0.279,0.649,178.029
"Cash Still Rules / Scary Hours (Still Don't Nothing Move but the Money) (feat. Raekwon, Method Man & Ghostface Killah)","Wu-Tang Clan, Raekwon, Method Man, Ghostface Killah",Wu-Tang Forever,4r3TaXjF2b1qwCpxjIpW43,0f4QXQYzy5ocaeIO6DoxrD,44,1997-06-03,181600,True,https://open.spotify.com/track/0f4QXQYzy5ocaeIO6DoxrD,0.552,0.675,10,-6.695,0,0.364,0.224,0.0,0.2,0.876,119.448
"Visionz (feat. Method Man, Raekwon, Masta Killa, Inspectah Deck & Ghostface Killah)","Wu-Tang Clan, Method Man, Raekwon, Masta Killa, Inspectah Deck, Ghostface Killah",Wu-Tang Forever,4r3TaXjF2b1qwCpxjIpW43,3cuy0jpSxGAoTuJE0KORoR,46,1997-06-03,189267,True,https://open.spotify.com/track/3cuy0jpSxGAoTuJE0KORoR,0.776,0.596,11,-6.017,0,0.348,0.0197,0.0,0.2,0.437,88.927
"As High as Wu-Tang Get (feat. Ol' Dirty Bastard, GZA & Method Man)","Wu-Tang Clan, Ol' Dirty Bastard, GZA, Method Man",Wu-Tang Forever,4r3TaXjF2b1qwCpxjIpW43,1XbqOF6nx3tJsyQjXRh9ux,49,1997-06-03,158133,True,https://open.spotify.com/track/1XbqOF6nx3tJsyQjXRh9ux,0.823,0.561,7,-7.33,1,0.322,0.00497,7.76e-05,0.142,0.561,91.979
"Severe Punishment (feat. U-God, GZA, Raekwon, RZA & Masta Killa)","Wu-Tang Clan, U-God, GZA, Raekwon, RZA, Masta Killa",Wu-Tang Forever,4r3TaXjF2b1qwCpxjIpW43,4RRvVSpreSh8psHZodRUU7,41,1997-06-03,289733,True,https://open.spotify.com/track/4RRvVSpreSh8psHZodRUU7,0.635,0.674,4,-6.771,0,0.342,0.015,1.01e-05,0.201,0.467,102.174
"Older Gods (feat. Ghostface Killah, Raekwon & GZA)","Wu-Tang Clan, Ghostface Killah, Raekwon, GZA",Wu-Tang Forever,4r3TaXjF2b1qwCpxjIpW43,3ZwmNUJgd83cZLNbQw6BSB,39,1997-06-03,185960,True,https://open.spotify.com/track/3ZwmNUJgd83cZLNbQw6BSB,0.855,0.719,9,-9.123,1,0.304,0.0177,0.0,0.113,0.655,93.046
"Maria (feat. Ol' Dirty Bastard, Cappadonna & RZA)","Wu-Tang Clan, Ol' Dirty Bastard, Cappadonna, RZA",Wu-Tang Forever,4r3TaXjF2b1qwCpxjIpW43,0NaJxQF9ZvQwitHluOa2Ho,36,1997-06-03,175373,True,https://open.spotify.com/track/0NaJxQF9ZvQwitHluOa2Ho,0.627,0.632,1,-9.085,1,0.405,0.187,0.0,0.716,0.727,89.587
"A Better Tomorrow (feat. Inspectah Deck, Masta Killa, U-God, RZA & Method Man)","Wu-Tang Clan, Inspectah Deck, Masta Killa, U-God, RZA, Method Man",Wu-Tang Forever,4r3TaXjF2b1qwCpxjIpW43,1OB7p2ulZT8Z8qkY5akeZB,39,1997-06-03,295200,True,https://open.spotify.com/track/1OB7p2ulZT8Z8qkY5akeZB,0.667,0.551,11,-9.631,1,0.289,0.0152,1.05e-06,0.677,0.369,91.072
"It's Yourz (feat. Raekwon, U-God, RZA, Inspectah Deck & Ghostface Killah)","Wu-Tang Clan, Raekwon, U-God, RZA, Inspectah Deck, Ghostface Killah",Wu-Tang Forever,4r3TaXjF2b1qwCpxjIpW43,31GUM30kjMPY93SrVh1InN,46,1997-06-03,256893,True,https://open.spotify.com/track/31GUM30kjMPY93SrVh1InN,0.817,0.794,11,-9.434,0,0.334,0.0835,0.0,0.798,0.621,93.067
Intro (feat. RZA & GZA),"Wu-Tang Clan, RZA, GZA",Wu-Tang Forever,4r3TaXjF2b1qwCpxjIpW43,57C8xbz3dy5G68nrVlqBG8,31,1997-06-03,122800,True,https://open.spotify.com/track/57C8xbz3dy5G68nrVlqBG8,0.469,0.413,5,-11.599,0,0.342,0.866,0.0,0.167,0.737,81.596
"Triumph (feat. Ol' Dirty Bastard, Inspectah Deck, Method Man, Cappadonna, U-God, RZA, GZA, Masta Killa, Ghostface Killah & Raekwon)","Wu-Tang Clan, Ol' Dirty Bastard, Inspectah Deck, Method Man, Cappadonna, U-God, RZA, GZA, Masta Killa, Ghostface Killah, Raekwon",Wu-Tang Forever,4r3TaXjF2b1qwCpxjIpW43,3glqlA5qY3bbo8UaUDGPnw,60,1997-06-03,338187,True,https://open.spotify.com/track/3glqlA5qY3bbo8UaUDGPnw,0.739,0.639,2,-6.959,1,0.358,0.000918,2.74e-05,0.352,0.323,91.121
"Impossible (feat. RZA, U-God, Ghostface Killah & Tekitha)","Wu-Tang Clan, RZA, U-God, Ghostface Killah, Tekitha",Wu-Tang Forever,4r3TaXjF2b1qwCpxjIpW43,2vQa5ELj0hYwrYZp8MVZn7,40,1997-06-03,268933,True,https://open.spotify.com/track/2vQa5ELj0hYwrYZp8MVZn7,0.547,0.569,6,-7.936,1,0.394,0.0101,4.39e-06,0.303,0.458,191.551
"Little Ghetto Boys (feat. Raekwon, RZA, Cappadonna, Ghostface Killah & Method Man)","Wu-Tang Clan, Raekwon, RZA, Cappadonna, Ghostface Killah, Method Man",Wu-Tang Forever,4r3TaXjF2b1qwCpxjIpW43,2BQnBW7ZbEpLg009FohI1N,36,1997-06-03,289427,True,https://open.spotify.com/track/2BQnBW7ZbEpLg009FohI1N,0.698,0.602,1,-7.48,1,0.244,0.00433,0.000112,0.627,0.528,100.126
"Deadly Melody (feat. Masta Killa, U-God, RZA, Method Man, GZA, Streetlife & Ghostface Killah)","Wu-Tang Clan, Masta Killa, U-God, RZA, Method Man, GZA, Streetlife, Ghostface Killah",Wu-Tang Forever,4r3TaXjF2b1qwCpxjIpW43,4uUN0ZflJbw7bVINbcHMq6,35,1997-06-03,260200,True,https://open.spotify.com/track/4uUN0ZflJbw7bVINbcHMq6,0.618,0.513,1,-10.706,1,0.444,0.0125,0.0,0.853,0.758,178.179
The City (feat. Inspectah Deck),"Wu-Tang Clan, Inspectah Deck",Wu-Tang Forever,4r3TaXjF2b1qwCpxjIpW43,2b3gxK2X5nI7c0NSRFFDBm,34,1997-06-03,245707,True,https://open.spotify.com/track/2b3gxK2X5nI7c0NSRFFDBm,0.592,0.722,8,-8.011,0,0.117,0.000239,0.0152,0.394,0.294,92.59
The Projects,Wu-Tang Clan,Wu-Tang Forever,4r3TaXjF2b1qwCpxjIpW43,0VKqVkkMW8u4d6vz1nsfRL,34,1997-06-03,197907,True,https://open.spotify.com/track/0VKqVkkMW8u4d6vz1nsfRL,0.691,0.737,8,-6.614,0,0.311,0.204,0.0,0.193,0.701,86.019
"Bells of War (feat. U-God, Method Man, RZA, Masta Killa, Raekwon & Ghostface Killah)","Wu-Tang Clan, U-God, Method Man, RZA, Masta Killa, Raekwon, Ghostface Killah",Wu-Tang Forever,4r3TaXjF2b1qwCpxjIpW43,1vJc5ntrmTk0f9MhqCUx13,36,1997-06-03,312133,True,https://open.spotify.com/track/1vJc5ntrmTk0f9MhqCUx13,0.626,0.517,11,-9.353,1,0.346,0.164,0.0001,0.149,0.502,94.52
The M.G.M. (feat. Ghostface Killah & Raekwon),"Wu-Tang Clan, Ghostface Killah, Raekwon",Wu-Tang Forever,4r3TaXjF2b1qwCpxjIpW43,1mxXB3Vsaaw9goChMrQuiK,35,1997-06-03,158693,True,https://open.spotify.com/track/1mxXB3Vsaaw9goChMrQuiK,0.688,0.725,2,-8.032,1,0.291,0.000431,0.000399,0.416,0.56,95.02
"Dog Shit (feat. Ol' Dirty Bastard, RZA & Method Man)","Wu-Tang Clan, Ol' Dirty Bastard, RZA, Method Man",Wu-Tang Forever,4r3TaXjF2b1qwCpxjIpW43,28uZLk1NszbSLOlJoBfgLu,35,1997-06-03,214827,True,https://open.spotify.com/track/28uZLk1NszbSLOlJoBfgLu,0.727,0.599,6,-7.498,0,0.307,0.107,0.0,0.785,0.753,92.171
"Duck Seazon (feat. Raekwon, RZA & Method Man)","Wu-Tang Clan, Raekwon, RZA, Method Man",Wu-Tang Forever,4r3TaXjF2b1qwCpxjIpW43,5MzwAqpTKoLA6dNr6bAn57,39,1997-06-03,342360,True,https://open.spotify.com/track/5MzwAqpTKoLA6dNr6bAn57,0.703,0.564,1,-8.64,0,0.503,0.0754,0.0,0.424,0.675,172.387
"Hellz Wind Staff (feat. Streetlife, Ghostface Killah, Inspectah Deck, Method Man, RZA & Raekwon)","Wu-Tang Clan, Streetlife, Ghostface Killah, Inspectah Deck, Method Man, RZA, Raekwon",Wu-Tang Forever,4r3TaXjF2b1qwCpxjIpW43,1KXpyjHZgLH7zo9D0XZ25U,34,1997-06-03,292227,True,https://open.spotify.com/track/1KXpyjHZgLH7zo9D0XZ25U,0.737,0.809,2,-8.742,1,0.288,0.00735,0.0,0.25,0.683,102.318
"Heaterz (feat. Raekwon, Inspectah Deck, Ol' Dirty Bastard, U-God & Cappadonna)","Wu-Tang Clan, Raekwon, Inspectah Deck, Ol' Dirty Bastard, U-God, Cappadonna",Wu-Tang Forever,4r3TaXjF2b1qwCpxjIpW43,2ATVo2uOcQL2Q2sBJbPgbd,36,1997-06-03,326267,True,https://open.spotify.com/track/2ATVo2uOcQL2Q2sBJbPgbd,0.565,0.866,11,-9.328,0,0.643,0.109,0.0,0.433,0.548,87.098
"Black Shampoo (feat. U-God, Method Man, Tekitha & Dom Pachino)","Wu-Tang Clan, U-God, Method Man, Tekitha, Dom Pachino",Wu-Tang Forever,4r3TaXjF2b1qwCpxjIpW43,0GPuNZ0ro0OYx0HdDZovGm,28,1997-06-03,229933,True,https://open.spotify.com/track/0GPuNZ0ro0OYx0HdDZovGm,0.64,0.48,10,-12.254,1,0.176,0.064,0.0141,0.638,0.469,94.024
Second Coming (feat. Tekitha),"Wu-Tang Clan, Tekitha",Wu-Tang Forever,4r3TaXjF2b1qwCpxjIpW43,0r7adYALoieQVamc8wn6ac,27,1997-06-03,279600,True,https://open.spotify.com/track/0r7adYALoieQVamc8wn6ac,0.565,0.646,7,-5.912,1,0.0383,0.000255,0.0737,0.313,0.154,140.041
The Closing (feat. Raekwon),"Wu-Tang Clan, Raekwon",Wu-Tang Forever,4r3TaXjF2b1qwCpxjIpW43,1SQPxazFuoGVw45T4jDaFo,25,1997-06-03,157293,True,https://open.spotify.com/track/1SQPxazFuoGVw45T4jDaFo,0.589,0.558,9,-13.907,0,0.939,0.589,0.0,0.0807,0.258,80.705
Wu-Tang The Saga Continues Intro (feat. RZA),"Wu-Tang Clan, RZA",The Saga Continues,6gSKTBiTqCkloLbgXLdVFs,6EMkLNikBt0DnA7kEnfiGh,27,2017-10-13,91080,True,https://open.spotify.com/track/6EMkLNikBt0DnA7kEnfiGh,0.603,0.718,1,-5.304,0,0.385,0.0173,0.00277,0.179,0.379,76.324
Lesson Learn'd (feat. Inspectah Deck and Redman),"Wu-Tang Clan, Inspectah Deck, Redman",The Saga Continues,6gSKTBiTqCkloLbgXLdVFs,0RwjCqOGWNwM7oWZfyhrzk,41,2017-10-13,202667,True,https://open.spotify.com/track/0RwjCqOGWNwM7oWZfyhrzk,0.846,0.88,7,-3.572,1,0.221,0.000643,0.000294,0.644,0.199,89.962
Fast and Furious (feat. Hue Hef and Raekwon),"Wu-Tang Clan, Hue Hef, Raekwon",The Saga Continues,6gSKTBiTqCkloLbgXLdVFs,5QiEhRdQE2w1PJgHttmSXt,29,2017-10-13,222311,True,https://open.spotify.com/track/5QiEhRdQE2w1PJgHttmSXt,0.743,0.878,7,-4.063,0,0.131,0.00221,0.0,0.342,0.396,94.999
Famous Fighters (Skit),Wu-Tang Clan,The Saga Continues,6gSKTBiTqCkloLbgXLdVFs,1FoBC67pGfH2USjGxICCRC,25,2017-10-13,80607,True,https://open.spotify.com/track/1FoBC67pGfH2USjGxICCRC,0.9,0.872,8,-5.767,1,0.285,0.0616,0.143,0.358,0.429,102.993
If Time Is Money (Fly Navigation) [feat. Method Man],"Wu-Tang Clan, Method Man",The Saga Continues,6gSKTBiTqCkloLbgXLdVFs,2YnpLWTd9lSCkqEa5VcRu9,38,2017-10-13,233847,True,https://open.spotify.com/track/2YnpLWTd9lSCkqEa5VcRu9,0.718,0.729,4,-5.341,0,0.12,0.0509,4.76e-06,0.24,0.597,77.998
"Frozen (feat. Method Man, Killa Priest and Chris Rivers)","Wu-Tang Clan, Killa Priest, Chris Rivers, Method Man",The Saga Continues,6gSKTBiTqCkloLbgXLdVFs,32WLytuvV4HDsdPqzfdqSs,37,2017-10-13,249605,True,https://open.spotify.com/track/32WLytuvV4HDsdPqzfdqSs,0.547,0.822,8,-3.391,0,0.328,0.0433,0.0,0.144,0.431,89.576
Berto and the Fiend (Skit) [feat. Ghostface Killa],"Wu-Tang Clan, Ghostface Killah",The Saga Continues,6gSKTBiTqCkloLbgXLdVFs,5SrUkTMJzoZ9fCcq5YQ5mk,23,2017-10-13,45250,True,https://open.spotify.com/track/5SrUkTMJzoZ9fCcq5YQ5mk,0.544,0.75,8,-2.83,1,0.194,0.491,0.0,0.196,0.792,114.154
"Pearl Harbor (feat. Ghostface Killah, Method Man, RZA and Sean Price)","Wu-Tang Clan, Ghostface Killah, Sean Price, Method Man, RZA",The Saga Continues,6gSKTBiTqCkloLbgXLdVFs,4DD6Iz311kZcb2xwItBPph,38,2017-10-13,298999,True,https://open.spotify.com/track/4DD6Iz311kZcb2xwItBPph,0.686,0.841,10,-3.02,0,0.259,0.0441,0.0,0.198,0.596,78.249
People Say (feat. Redman),"Wu-Tang Clan, Redman",The Saga Continues,6gSKTBiTqCkloLbgXLdVFs,3ayt5T0vDvOZMwhpP1NtJj,43,2017-10-13,264392,True,https://open.spotify.com/track/3ayt5T0vDvOZMwhpP1NtJj,0.713,0.896,1,-3.064,1,0.337,0.0917,0.0,0.112,0.66,90.143
Family (Skit),Wu-Tang Clan,The Saga Continues,6gSKTBiTqCkloLbgXLdVFs,2eOYVCCgUbfkPdOnOKw6f7,23,2017-10-13,66938,True,https://open.spotify.com/track/2eOYVCCgUbfkPdOnOKw6f7,0.536,0.644,7,-6.674,1,0.25,0.16,0.0,0.325,0.496,89.756
Why Why Why (feat. RZA and Swnkah),"Wu-Tang Clan, Swnkah, RZA",The Saga Continues,6gSKTBiTqCkloLbgXLdVFs,3HSIPGS2Pk2vNiLYkqwdKn,26,2017-10-13,240000,True,https://open.spotify.com/track/3HSIPGS2Pk2vNiLYkqwdKn,0.776,0.819,4,-4.25,0,0.29,0.0122,0.0121,0.104,0.402,168.035
"G'd up (feat. Method Man, R-Mean and Mzee Jones)","Wu-Tang Clan, R-Mean, Mzee Jones, Method Man",The Saga Continues,6gSKTBiTqCkloLbgXLdVFs,1PYdpQMCEOcAi3qZd2JHBg,31,2017-10-13,264986,True,https://open.spotify.com/track/1PYdpQMCEOcAi3qZd2JHBg,0.645,0.773,1,-4.787,1,0.358,0.0609,0.0,0.121,0.666,165.993
If What You Say Is True (feat. Streetlife),"Wu-Tang Clan, Streetlife",The Saga Continues,6gSKTBiTqCkloLbgXLdVFs,5wwCSiHSYPFGnFMkjt7kbx,24,2017-10-13,235498,True,https://open.spotify.com/track/5wwCSiHSYPFGnFMkjt7kbx,0.556,0.895,9,-4.739,1,0.37,0.00114,0.000177,0.72,0.276,180.423
Saga (Skit) [feat. RZA,"Wu-Tang Clan, RZA",The Saga Continues,6gSKTBiTqCkloLbgXLdVFs,011gYvGxmhSvO1pNZjZCSV,22,2017-10-13,58041,True,https://open.spotify.com/track/011gYvGxmhSvO1pNZjZCSV,0.528,0.898,9,-4.417,1,0.342,0.0347,0.0,0.378,0.563,148.742
Hood Go Bang! (feat. Redman and Method Man),"Wu-Tang Clan, Redman, Method Man",The Saga Continues,6gSKTBiTqCkloLbgXLdVFs,68ehwLL3Z3497DeIT8jPGC,37,2017-10-13,92308,True,https://open.spotify.com/track/68ehwLL3Z3497DeIT8jPGC,0.626,0.83,11,-3.15,0,0.344,0.00524,2.9e-06,0.209,0.518,97.006
"My Only One (feat. Ghostface Killah, RZA, Cappadonna, and Steven Latorre)","Wu-Tang Clan, Cappadonna, Steven Latorre, Ghostface Killah, RZA",The Saga Continues,6gSKTBiTqCkloLbgXLdVFs,3SWeWMqoBa6nh8LVyHJUm7,29,2017-10-13,284000,True,https://open.spotify.com/track/3SWeWMqoBa6nh8LVyHJUm7,0.699,0.765,4,-5.664,0,0.249,0.000552,0.0319,0.122,0.233,191.928
Message,Wu-Tang Clan,The Saga Continues,6gSKTBiTqCkloLbgXLdVFs,6bxurOPmTTyCtGVRfm2n3m,22,2017-10-13,125191,True,https://open.spotify.com/track/6bxurOPmTTyCtGVRfm2n3m,0.72,0.799,1,-4.206,1,0.169,0.05,1e-06,0.492,0.646,157.314
The Saga Continues Outro (feat. RZA),"Wu-Tang Clan, RZA",The Saga Continues,6gSKTBiTqCkloLbgXLdVFs,4DsgR7la0Z1f2f8C72xGkW,21,2017-10-13,45352,True,https://open.spotify.com/track/4DsgR7la0Z1f2f8C72xGkW,0.701,0.862,4,-4.948,1,0.268,0.18,0.0,0.274,0.538,149.99
"In the Hood (feat. RZA, Masta Killa, Inspectah Deck & Streetlife)","Wu-Tang Clan, RZA, Masta Killa, Inspectah Deck, Streetlife",Iron Flag,3zrfdc7xK2ClSRasyBbunq,20aeT8pf2RU7MBXw0v05Xx,30,2001-12-18,250827,True,https://open.spotify.com/track/20aeT8pf2RU7MBXw0v05Xx,0.677,0.933,6,-3.617,0,0.36,0.216,0.0,0.696,0.528,107.585
"Rules (feat. RZA, Ghostface Killah, Inspectah Deck, Masta Killa, Streetlife, Raekwon & Method Man)","Wu-Tang Clan, RZA, Ghostface Killah, Inspectah Deck, Masta Killa, Streetlife, Raekwon, Method Man",Iron Flag,3zrfdc7xK2ClSRasyBbunq,6j4EmETK0TEuvt5kZDDs4V,39,2001-12-18,233640,True,https://open.spotify.com/track/6j4EmETK0TEuvt5kZDDs4V,0.803,0.868,6,-3.902,1,0.305,0.0185,0.0,0.0821,0.936,95.514
"Chrome Wheels (feat. RZA, Raekwon, Prodigal Sunn & Madame Dee)","Wu-Tang Clan, RZA, Raekwon, Prodigal Sunn, Madame Dee",Iron Flag,3zrfdc7xK2ClSRasyBbunq,6GK6QEB9b2x1H4suZKevlV,25,2001-12-18,254827,True,https://open.spotify.com/track/6GK6QEB9b2x1H4suZKevlV,0.799,0.782,11,-6.053,0,0.23,0.0213,0.0,0.0769,0.582,94.079
"Soul Power (Black Jungle) (feat. Flavor Flav, Raekwon, Masta Killa, Ghostface Killah, U-God & Method Man)","Wu-Tang Clan, Flavor Flav, Raekwon, Masta Killa, Ghostface Killah, U-God, Method Man",Iron Flag,3zrfdc7xK2ClSRasyBbunq,0IetmZxoYSH1gdMq3XN8Kt,21,2001-12-18,292600,True,https://open.spotify.com/track/0IetmZxoYSH1gdMq3XN8Kt,0.711,0.86,6,-4.851,0,0.299,0.0227,0.0,0.0519,0.424,99.508
"Uzi (Pinky Ring) (feat. U-God, Raekwon, Ghostface Killah, RZA, Method Man, Inspectah Deck, Masta Killa & GZA)","Wu-Tang Clan, U-God, Raekwon, Ghostface Killah, RZA, Method Man, Inspectah Deck, Masta Killa, GZA",Iron Flag,3zrfdc7xK2ClSRasyBbunq,01zyS2efsF6uEXQBMv1sEz,39,2001-12-18,320200,True,https://open.spotify.com/track/01zyS2efsF6uEXQBMv1sEz,0.787,0.882,6,-4.518,0,0.297,0.0337,0.0,0.0559,0.504,103.72
"One of These Days (feat. Inspectah Deck, Raekwon & U-God)","Wu-Tang Clan, Inspectah Deck, Raekwon, U-God",Iron Flag,3zrfdc7xK2ClSRasyBbunq,1Kv42z7o2WUgUYbvJNvt1q,35,2001-12-18,253573,True,https://open.spotify.com/track/1Kv42z7o2WUgUYbvJNvt1q,0.768,0.641,10,-4.812,0,0.355,0.00985,0.0,0.0703,0.733,180.292
"Ya'll Been Warned (feat. Method Man, RZA, Inspectah Deck, Raekwon & Masta Killa)","Wu-Tang Clan, Method Man, RZA, Inspectah Deck, Raekwon, Masta Killa",Iron Flag,3zrfdc7xK2ClSRasyBbunq,509rwAITvuYXGnlAjR4LnM,41,2001-12-18,255493,True,https://open.spotify.com/track/509rwAITvuYXGnlAjR4LnM,0.792,0.827,8,-5.454,1,0.323,0.291,0.0,0.37,0.545,95.776
"Babies (feat. Ghostface Killah, Raekwon & GZA)","Wu-Tang Clan, Ghostface Killah, Raekwon, GZA",Iron Flag,3zrfdc7xK2ClSRasyBbunq,1jZIeuh4ZlFmP1RfOuf04K,22,2001-12-18,308040,True,https://open.spotify.com/track/1jZIeuh4ZlFmP1RfOuf04K,0.475,0.812,10,-5.02,0,0.31,0.0352,0.0,0.159,0.447,80.902
"Radioactive (Four Assassins) (feat. GZA, Raekwon, Method Man & Masta Killa)","Wu-Tang Clan, GZA, Raekwon, Method Man, Masta Killa",Iron Flag,3zrfdc7xK2ClSRasyBbunq,03AKsJX3mBg3QRtKngbLt4,22,2001-12-18,210067,True,https://open.spotify.com/track/03AKsJX3mBg3QRtKngbLt4,0.746,0.837,9,-4.55,0,0.189,0.0315,5.15e-05,0.278,0.593,97.743
"Back In the Game (feat. Method Man, Inspectah Deck, GZA, Raekwon, Ghostface Killah & Ronald Isley)","Wu-Tang Clan, Method Man, Inspectah Deck, GZA, Raekwon, Ghostface Killah, Ronald Isley",Iron Flag,3zrfdc7xK2ClSRasyBbunq,558hvsnL4OFtFrBGAzlzSq,34,2001-12-18,274133,True,https://open.spotify.com/track/558hvsnL4OFtFrBGAzlzSq,0.798,0.699,10,-5.884,0,0.348,0.32,0.0,0.67,0.811,96.092
"Iron Flag (feat. Raekwon, Masta Killa, Inspectah Deck, U-God, Ghostface Killah, RZA & Cappadonna)","Wu-Tang Clan, Raekwon, Masta Killa, Inspectah Deck, U-God, Ghostface Killah, RZA, Cappadonna",Iron Flag,3zrfdc7xK2ClSRasyBbunq,3aQigAYc6UFwindwDTz0n1,35,2001-12-18,193400,True,https://open.spotify.com/track/3aQigAYc6UFwindwDTz0n1,0.575,0.946,4,-6.169,0,0.478,0.252,0.0,0.381,0.33,91.728
"Da Glock (feat. U-God, Ghostface Killah, RZA, Cappadonna, Masta Killa & Raekwon)","Wu-Tang Clan, U-God, Ghostface Killah, RZA, Cappadonna, Masta Killa, Raekwon",Iron Flag,3zrfdc7xK2ClSRasyBbunq,6CWscd7agAHW4C8MlDKsyi,18,2001-12-18,195240,True,https://open.spotify.com/track/6CWscd7agAHW4C8MlDKsyi,0.585,0.742,0,-6.919,1,0.554,0.533,0.0,0.135,0.552,88.621
Dashing (Reasons) (feat. Inspectah Deck & GZA),"Wu-Tang Clan, Inspectah Deck, GZA",Iron Flag,3zrfdc7xK2ClSRasyBbunq,0fpk1JFHmACHJCSqw9OHzD,23,2001-12-18,285693,True,https://open.spotify.com/track/0fpk1JFHmACHJCSqw9OHzD,0.736,0.823,4,-4.59,0,0.31,0.0977,6.13e-06,0.351,0.639,181.075
C.R.E.A.M. (Cash Rules Everything Around Me),Wu-Tang Clan,Legend Of The Wu-Tang: Wu-Tang Clan's Greatest Hits,6FePdYF8RNzmH05uXIMW76,61mSZDVO5k6ERyOtYRakcY,20,2004-10-26,250360,True,https://open.spotify.com/track/61mSZDVO5k6ERyOtYRakcY,0.74,0.629,1,-7.439,1,0.259,0.542,0.0072,0.34,0.58,90.022
"Method Man (feat. Method Man, Raekwon, GZA, RZA & Ghostface Killah) - Skunk Mix","Wu-Tang Clan, Method Man, Raekwon, GZA, RZA, Ghostface Killah",Legend Of The Wu-Tang: Wu-Tang Clan's Greatest Hits,6FePdYF8RNzmH05uXIMW76,6DYsvXztX4r2OAbApLSMH9,16,2004-10-26,189107,False,https://open.spotify.com/track/6DYsvXztX4r2OAbApLSMH9,0.834,0.628,10,-8.92,0,0.273,0.0984,0.0,0.29,0.612,97.305
"Protect Ya Neck (feat. RZA, Method Man, Inspectah Deck, Raekwon, U-God, Ol' Dirty Bastard, Ghostface Killah & GZA) - Bloody Version","Wu-Tang Clan, RZA, Method Man, Inspectah Deck, Raekwon, U-God, Ol' Dirty Bastard, Ghostface Killah, GZA",Legend Of The Wu-Tang: Wu-Tang Clan's Greatest Hits,6FePdYF8RNzmH05uXIMW76,4UjutEuOkxFwPYTwsJ6E3k,31,2004-10-26,303067,True,https://open.spotify.com/track/4UjutEuOkxFwPYTwsJ6E3k,0.835,0.604,8,-7.96,0,0.244,0.011,1.76e-05,0.379,0.724,102.055
Wu-Tang Clan Ain't Nuthing ta F' Wit,Wu-Tang Clan,Legend Of The Wu-Tang: Wu-Tang Clan's Greatest Hits,6FePdYF8RNzmH05uXIMW76,0NrqX8kzhD7b0S0oZvsw4w,18,2004-10-26,212360,True,https://open.spotify.com/track/0NrqX8kzhD7b0S0oZvsw4w,0.83,0.739,10,-5.945,0,0.276,0.164,0.0,0.335,0.623,99.073
Can It Be All So Simple (Remix) (feat. Ghostface Killah),"Raekwon, Wu-Tang Clan, Ghostface Killah",Legend Of The Wu-Tang: Wu-Tang Clan's Greatest Hits,6FePdYF8RNzmH05uXIMW76,1JfYj53QhhEjSrKgOz2HZn,28,2004-10-26,251440,True,https://open.spotify.com/track/1JfYj53QhhEjSrKgOz2HZn,0.839,0.391,9,-11.671,0,0.25,0.706,0.000191,0.177,0.421,91.528
Shame On a Nigga,Wu-Tang Clan,Legend Of The Wu-Tang: Wu-Tang Clan's Greatest Hits,6FePdYF8RNzmH05uXIMW76,2kIf370BdnXUkFmZa9OLWA,17,2004-10-26,174027,True,https://open.spotify.com/track/2kIf370BdnXUkFmZa9OLWA,0.891,0.548,1,-7.804,1,0.331,0.0758,6.25e-06,0.386,0.461,100.181
Da Mystery of Chessboxin',Wu-Tang Clan,Legend Of The Wu-Tang: Wu-Tang Clan's Greatest Hits,6FePdYF8RNzmH05uXIMW76,4WE9bh8iPjZW8WVK51tuUr,18,2004-10-26,287373,True,https://open.spotify.com/track/4WE9bh8iPjZW8WVK51tuUr,0.929,0.462,2,-7.88,1,0.347,0.317,0.0,0.325,0.361,105.148
"Reunited (feat. GZA, Ol' Dirty Bastard, RZA & Method Man)","Wu-Tang Clan, GZA, Ol' Dirty Bastard, RZA, Method Man",Legend Of The Wu-Tang: Wu-Tang Clan's Greatest Hits,6FePdYF8RNzmH05uXIMW76,3BTdDLPsDHzietZLM6CkUx,17,2004-10-26,322267,True,https://open.spotify.com/track/3BTdDLPsDHzietZLM6CkUx,0.624,0.643,10,-9.756,0,0.476,0.0319,0.000166,0.137,0.834,180.098
"It's Yourz (feat. Raekwon, U-God, RZA, Inspectah Deck & Ghostface Killah)","Wu-Tang Clan, Raekwon, U-God, RZA, Inspectah Deck, Ghostface Killah",Legend Of The Wu-Tang: Wu-Tang Clan's Greatest Hits,6FePdYF8RNzmH05uXIMW76,2fCmCt1Ql1XAe67ZUc9euN,15,2004-10-26,253467,True,https://open.spotify.com/track/2fCmCt1Ql1XAe67ZUc9euN,0.824,0.801,11,-8.55,0,0.355,0.0848,0.0,0.0712,0.596,93.026
"Triumph (feat. Ol' Dirty Bastard, Inspectah Deck, Method Man, Cappadonna, U-God, RZA, GZA, Masta Killa, Ghostface Killah & Raekwon)","Wu-Tang Clan, Ol' Dirty Bastard, Inspectah Deck, Method Man, Cappadonna, U-God, RZA, GZA, Masta Killa, Ghostface Killah, Raekwon",Legend Of The Wu-Tang: Wu-Tang Clan's Greatest Hits,6FePdYF8RNzmH05uXIMW76,7fxNDyvDIf5JvYeod1hMtl,18,2004-10-26,337533,True,https://open.spotify.com/track/7fxNDyvDIf5JvYeod1hMtl,0.725,0.576,2,-8.872,1,0.414,0.000957,2.61e-05,0.264,0.331,91.084
"Gravel Pit (feat. RZA, Method Man, Ghostface Killah, Raekwon & U-God)","Wu-Tang Clan, RZA, Method Man, Ghostface Killah, Raekwon, U-God",Legend Of The Wu-Tang: Wu-Tang Clan's Greatest Hits,6FePdYF8RNzmH05uXIMW76,2tNmhDlMbwQZLxQtWMt2EU,55,2004-10-26,253467,True,https://open.spotify.com/track/2tNmhDlMbwQZLxQtWMt2EU,0.787,0.72,7,-7.569,1,0.313,0.223,0.0,0.633,0.521,121.003
"Protect Ya Neck (The Jump Off) (feat. Inspectah Deck, Raekwon, Method Man, Masta Killa, RZA, Ghostface Killah, U-God, Cappadonna & GZA)","Wu-Tang Clan, Inspectah Deck, Raekwon, Method Man, Masta Killa, RZA, Ghostface Killah, U-God, Cappadonna, GZA",Legend Of The Wu-Tang: Wu-Tang Clan's Greatest Hits,6FePdYF8RNzmH05uXIMW76,2369sk9WZfFIc459H2vy1J,19,2004-10-26,238293,True,https://open.spotify.com/track/2369sk9WZfFIc459H2vy1J,0.771,0.732,0,-7.463,0,0.312,0.488,0.0,0.375,0.727,104.778
"Uzi (Pinky Ring) (feat. U-God, Raekwon, Ghostface Killah, RZA, Method Man, Inspectah Deck, Masta Killa & GZA)","Wu-Tang Clan, U-God, Raekwon, Ghostface Killah, RZA, Method Man, Inspectah Deck, Masta Killa, GZA",Legend Of The Wu-Tang: Wu-Tang Clan's Greatest Hits,6FePdYF8RNzmH05uXIMW76,1nPLXbk9HRbAdiKFkYXXqd,17,2004-10-26,317693,True,https://open.spotify.com/track/1nPLXbk9HRbAdiKFkYXXqd,0.789,0.833,6,-6.635,0,0.305,0.0355,0.0,0.0843,0.503,103.72
"Diesel (feat. Raekwon, Ol' Dirty Bastard, Method Man, RZA & U-God)","Wu-Tang Clan, Raekwon, Ol' Dirty Bastard, Method Man, RZA, U-God",Legend Of The Wu-Tang: Wu-Tang Clan's Greatest Hits,6FePdYF8RNzmH05uXIMW76,50G9euBFu2xfzuMw10Bj7Q,16,2004-10-26,329240,True,https://open.spotify.com/track/50G9euBFu2xfzuMw10Bj7Q,0.77,0.832,11,-8.125,1,0.255,0.496,0.0,0.237,0.535,91.019
Da Mystery of Chessboxin',Wu-Tang Clan,The Essential Wu-Tang Clan,0qtA1fEpJAvz8xGqUESxHU,0DJf8rfpjG071BTIfkhi4i,21,2013-10-29,287853,True,https://open.spotify.com/track/0DJf8rfpjG071BTIfkhi4i,0.927,0.48,2,-7.215,1,0.315,0.36,0.0,0.331,0.342,105.132
"As High as Wu-Tang Get (feat. Ol' Dirty Bastard, GZA & Method Man)","Wu-Tang Clan, Ol' Dirty Bastard, GZA, Method Man",The Essential Wu-Tang Clan,0qtA1fEpJAvz8xGqUESxHU,7JYkEjWPcodsY8jqWDhsFw,20,2013-10-29,157987,True,https://open.spotify.com/track/7JYkEjWPcodsY8jqWDhsFw,0.866,0.51,7,-8.986,1,0.323,0.00741,7.83e-05,0.118,0.606,92.009
"C.R.E.A.M. (feat. Method Man, Raekwon, Inspectah Deck & Buddha Monk) - Single Version","Wu-Tang Clan, Method Man, Raekwon, Inspectah Deck, Buddha Monk",The Essential Wu-Tang Clan,0qtA1fEpJAvz8xGqUESxHU,6ndF1qXSgTJ7EjqpwI877r,44,2013-10-29,246733,True,https://open.spotify.com/track/6ndF1qXSgTJ7EjqpwI877r,0.471,0.617,11,-7.345,0,0.381,0.48,0.0249,0.355,0.672,180.587
"Cash Still Rules / Scary Hours (Still Don't Nothing Move but the Money) (feat. Raekwon, Method Man & Ghostface Killah)","Wu-Tang Clan, Raekwon, Method Man, Ghostface Killah",The Essential Wu-Tang Clan,0qtA1fEpJAvz8xGqUESxHU,53C0eOgKEV6aA8qoXUB7JW,16,2013-10-29,181507,True,https://open.spotify.com/track/53C0eOgKEV6aA8qoXUB7JW,0.522,0.666,10,-6.336,0,0.291,0.208,0.0,0.28,0.912,82.26
"Rules (feat. RZA, Ghostface Killah, Inspectah Deck, Masta Killa, Streetlife, Raekwon & Method Man)","Wu-Tang Clan, RZA, Ghostface Killah, Inspectah Deck, Masta Killa, Streetlife, Raekwon, Method Man",The Essential Wu-Tang Clan,0qtA1fEpJAvz8xGqUESxHU,7qSKOLmN42pZ3rSS1JIcch,17,2013-10-29,232000,True,https://open.spotify.com/track/7qSKOLmN42pZ3rSS1JIcch,0.792,0.846,6,-5.304,1,0.293,0.0226,0.0,0.221,0.936,95.577
"I Can't Go to Sleep (feat. Ghostface Killah, RZA & Issac Hayes)","Wu-Tang Clan, Ghostface Killah, RZA, Isaac Hayes",The Essential Wu-Tang Clan,0qtA1fEpJAvz8xGqUESxHU,5CB8M2t3QB7cp9Ai3P5EUl,17,2013-10-29,214133,True,https://open.spotify.com/track/5CB8M2t3QB7cp9Ai3P5EUl,0.402,0.595,5,-5.133,0,0.0692,0.442,0.0,0.112,0.722,137.437
"Uzi (Pinky Ring) (feat. U-God, Raekwon, Ghostface Killah, RZA, Method Man, Inspectah Deck, Masta Killa & GZA)","Wu-Tang Clan, U-God, Raekwon, Ghostface Killah, RZA, Method Man, Inspectah Deck, Masta Killa, GZA",The Essential Wu-Tang Clan,0qtA1fEpJAvz8xGqUESxHU,6CKngLY60wnU93jHIK6GI1,16,2013-10-29,317427,True,https://open.spotify.com/track/6CKngLY60wnU93jHIK6GI1,0.777,0.844,6,-5.68,0,0.316,0.0361,0.0,0.0818,0.48,103.805
America (feat. Killah Priest),"Wu-Tang Clan, Killah Priest",The Essential Wu-Tang Clan,0qtA1fEpJAvz8xGqUESxHU,4JkdbWsY3sBQYphs3arrPi,0,2013-10-29,333720,True,https://open.spotify.com/track/4JkdbWsY3sBQYphs3arrPi,0.696,0.541,1,-8.912,0,0.0403,0.131,0.000395,0.385,0.489,87.019
"Gravel Pit (feat. RZA, Method Man, Ghostface Killah, Raekwon & U-God)","Wu-Tang Clan, RZA, Method Man, Ghostface Killah, Raekwon, U-God",The Essential Wu-Tang Clan,0qtA1fEpJAvz8xGqUESxHU,5MckLjrX6rCRa3Pl2pWYYq,20,2013-10-29,253427,True,https://open.spotify.com/track/5MckLjrX6rCRa3Pl2pWYYq,0.791,0.723,4,-7.742,0,0.253,0.216,0.0,0.591,0.535,120.947
The Projects (feat. Shyeim),"Wu-Tang Clan, Shyeim",The Essential Wu-Tang Clan,0qtA1fEpJAvz8xGqUESxHU,5FtY5JntOtBciuCAt0lojj,13,2013-10-29,197907,True,https://open.spotify.com/track/5FtY5JntOtBciuCAt0lojj,0.682,0.699,1,-7.572,0,0.32,0.213,0.0,0.111,0.739,85.715
"Back In the Game (feat. Method Man, Inspectah Deck, GZA, Raekwon, Ghostface Killah & Ronald Isley)","Wu-Tang Clan, Method Man, Inspectah Deck, GZA, Raekwon, Ghostface Killah, Ronald Isley",The Essential Wu-Tang Clan,0qtA1fEpJAvz8xGqUESxHU,0sCoXQ8RjjeSMY7USunTsE,17,2013-10-29,268613,True,https://open.spotify.com/track/0sCoXQ8RjjeSMY7USunTsE,0.806,0.688,10,-6.467,0,0.282,0.318,0.0,0.303,0.816,96.045
What You in Fo' (feat. Street Life),"Wu-Tang Clan, Streetlife",The Essential Wu-Tang Clan,0qtA1fEpJAvz8xGqUESxHU,05VAqNQ92xF3jASEIS4ry6,0,2013-10-29,187053,True,https://open.spotify.com/track/05VAqNQ92xF3jASEIS4ry6,0.741,0.693,1,-5.86,1,0.425,0.236,0.0,0.11,0.438,91.044
"The Monument (feat. Raekwon, GZA & Busta Rhymes)","Wu-Tang Clan, Raekwon, GZA, Busta Rhymes",The Essential Wu-Tang Clan,0qtA1fEpJAvz8xGqUESxHU,6XgI1S7SNs1xs3fezv7Uwa,12,2013-10-29,157507,True,https://open.spotify.com/track/6XgI1S7SNs1xs3fezv7Uwa,0.741,0.727,1,-6.875,1,0.36,0.341,0.0,0.191,0.723,92.685
